Market,Headline,Signal,Sentiment,Sent_Conf,Emotion,Emo_Conf,Score,Date,Source,Run_Time
Commodities,"Oil extends decline on possible Russia-Ukraine peace deal - Reuters. <a href=""https://news.google.com/rss/articles/CBMiqgFBVV95cUxNbDBwV3hlT2FnWWhBWjdkU3d2VnFQTmNHeVc5NWZQX2pWcEtfaVZqUmVLb0NFbXRsNlhZc",âšª Neutral,Neutral,1.0,neutral,0.933,0.0,2025-11-21,GoogleRSS,2025-11-21 04:39:35
Commodities,"Mayor Daniella Levine Cava oppose Trump administration's plan for new oil drilling in Florida - NBC 6 South Florida. <a href=""https://news.google.com/rss/articles/CBMi0wFBVV95cUxPaGJHRENuRHowUUFuLVRVX",âšª Neutral,Neutral,1.0,neutral,0.955,0.0,2025-11-21,GoogleRSS,2025-11-21 04:39:35
Commodities,"Indian conglomerate to stop Russian oil imports amid pressure from Trump - The Washington Post. <a href=""https://news.google.com/rss/articles/CBMihwFBVV95cUxPTGhDMHkwdmpEMmM4VzZlVGx4eUw1ay1YVmtEejB6Wn",âšª Neutral,Neutral,1.0,neutral,0.966,0.0,2025-11-21,GoogleRSS,2025-11-21 04:39:35
Commodities,"Lundin Gold Inc (LUGDF) Q3 2025 Earnings Call Highlights: Record Gold Production and Robust ... - Yahoo Finance. <a href=""https://news.google.com/rss/articles/CBMiekFVX3lxTFBsN1VnVHVQUEowdXFYOVRDR3gwe",ðŸŸ¢ Buy,Positive,1.0,neutral,0.921,1.1,2025-11-21,GoogleRSS,2025-11-21 04:39:35
Commodities,"Trump administration announces plan for new oil drilling off the coasts of California and Florida - AP News. <a href=""https://news.google.com/rss/articles/CBMiqAFBVV95cUxNS2N4NlZYdDFRMmxxWWl3NWRYSXJFc",âšª Neutral,Neutral,1.0,neutral,0.951,0.0,2025-11-21,GoogleRSS,2025-11-21 04:39:35
Commodities,"California leaders vehemently oppose expanded offshore oil - Times-Standard. <a href=""https://news.google.com/rss/articles/CBMiowFBVV95cUxQbHI4TXcwaWdpbGE0MlF5UksyNWNOY0tWVlg1OEdPdVQ0MVFHckRXMnZIOGxDM",âšª Neutral,Neutral,1.0,neutral,0.855,0.0,2025-11-21,GoogleRSS,2025-11-21 04:39:35
Commodities,"Coalition calls for NM environment agency to address Artesia oil refinery explosion aftermath - Source New Mexico. <a href=""https://news.google.com/rss/articles/CBMivwFBVV95cUxQR3ZGYVY3OEpxSVc3RFI1aVQ",âšª Neutral,Neutral,1.0,neutral,0.958,0.0,2025-11-21,GoogleRSS,2025-11-21 04:39:35
Commodities,"US creates new oil drilling program off California coast - Jurist.org. <a href=""https://news.google.com/rss/articles/CBMimAFBVV95cUxNZnJLNmFZeFZUcGhYN3R3V0pHWDhZTGdadDlGam5XcDFGZDZnNWx2MTRQdktKMU5FcnB",âšª Neutral,Neutral,1.0,neutral,0.958,0.0,2025-11-21,GoogleRSS,2025-11-21 04:39:35
Commodities,"Kenosha prosecutors charge two men, accused in gold bar scheme originating overseas - WISN. <a href=""https://news.google.com/rss/articles/CBMivAFBVV95cUxQUFpyYWwydExjYWpoMV9LaWhUNm5rM0pqZkJlTUYxZ3ZaVk",âšª Neutral,Neutral,1.0,neutral,0.961,0.0,2025-11-21,GoogleRSS,2025-11-21 04:39:35
Commodities,"Oil Falls on Ukraine Peace Plan as Russia Sanctions Set to Start - Bloomberg.com. <a href=""https://news.google.com/rss/articles/CBMipAFBVV95cUxOeVJMYVpDUzZTQXloUU5MWHVfbDJOd2J1WkJuOWJSMHNQVE1fSzd2SnNp",âšª Neutral,Neutral,1.0,neutral,0.953,0.0,2025-11-21,GoogleRSS,2025-11-21 04:39:35
Commodities,"Members of Congress raise concerns about potential coastal oil drilling in letter to President - WJHG. <a href=""https://news.google.com/rss/articles/CBMiugFBVV95cUxQUzhNay1HZGxfZWE2YzBpMkxEVnJzaVpKdWp",ðŸŸ  Sell,Negative,1.0,neutral,0.951,-1.1,2025-11-21,GoogleRSS,2025-11-21 04:39:35
Commodities,"Space Force Still Planning Futures-Like Command, Perhaps With a New Name - Air & Space Forces Magazine. <a href=""https://news.google.com/rss/articles/CBMiigFBVV95cUxNZlpHSTdPSHhOdWUtdWJFXzlxUlZTYmYxeU",âšª Neutral,Neutral,1.0,neutral,0.958,0.0,2025-11-21,GoogleRSS,2025-11-21 04:39:35
Commodities,"Copper Mountain getting ready for a World Cup racing event in Colorado - CBS News. <a href=""https://news.google.com/rss/articles/CBMirwFBVV95cUxOZG9QdTZWbzB3RnVlTmRpY0N3WHJmQ3AxbmJnVVdoamNEU19HN1drY3l",âšª Neutral,Neutral,1.0,neutral,0.953,0.0,2025-11-21,GoogleRSS,2025-11-21 04:39:35
Commodities,"Trump administration pushes for new oil drilling off the coasts of Florida, California coasts - FOX 35 Orlando. <a href=""https://news.google.com/rss/articles/CBMitgFBVV95cUxPYUtZSUtkbndjMHRXUlowV1dITW",âšª Neutral,Neutral,1.0,neutral,0.967,0.0,2025-11-21,GoogleRSS,2025-11-21 04:39:35
Commodities,"Allied Gold (TSX:AAUC): Evaluating Current Valuation After Recent Share Price Pullback - Yahoo Finance. <a href=""https://news.google.com/rss/articles/CBMigwFBVV95cUxOWVJ1cFZjR0pQbW9iVW1na0R4bHNnbnVSYm",âšª Neutral,Neutral,1.0,neutral,0.968,0.0,2025-11-21,GoogleRSS,2025-11-21 04:39:35
Commodities,"Yang Lanbin leads China to menâ€™s team gold at Junior World Championships - International Gymnast Magazine Online. <a href=""https://news.google.com/rss/articles/CBMiqAFBVV95cUxORkh6YjltUnBEQk03MzhjdXFO",âšª Neutral,Neutral,1.0,neutral,0.937,0.0,2025-11-21,GoogleRSS,2025-11-21 04:39:35
Commodities,"Trump administration proposes plan to open oil drilling off Floridaâ€™s Gulf coast - FOX 13 Tampa Bay. <a href=""https://news.google.com/rss/articles/CBMiqwFBVV95cUxPdjhhN0pybFVIY1dHWVlRWU5fanFteS1mQTNBa",âšª Neutral,Neutral,1.0,neutral,0.966,0.0,2025-11-21,GoogleRSS,2025-11-21 04:39:35
Commodities,"Japan Exchange to Revise Guidelines to Curb JGB Futures Spoofing - Bloomberg.com. <a href=""https://news.google.com/rss/articles/CBMitgFBVV95cUxNaXgzM0NwbTlGc3kxaXdNRk54aXNpcU5Fc0l2OU9mUjN2b0dGUHhYdGJ2",âšª Neutral,Neutral,1.0,neutral,0.956,0.0,2025-11-21,GoogleRSS,2025-11-21 04:39:35
Commodities,"Wyoming Rescue Mission to deliver hundreds of Thanksgiving meals - Oil City News. <a href=""https://news.google.com/rss/articles/CBMiqwFBVV95cUxNZlU2OUxOVTB0clZDOEdVanN3ME55R0c0ODJUaFBGelNObS1JOUxUZDJH",âšª Neutral,Neutral,1.0,neutral,0.94,0.0,2025-11-21,GoogleRSS,2025-11-21 04:39:35
Commodities,"Oil Prices Sink After Zelenskyy Agrees to Work on Peace Deal - Crude Oil Prices Today | OilPrice.com. <a href=""https://news.google.com/rss/articles/CBMitwFBVV95cUxNUkJCX0llMVhybHBvMU9QdzhXUFEyQ201UnI3",âšª Neutral,Neutral,1.0,neutral,0.918,0.0,2025-11-21,GoogleRSS,2025-11-21 04:39:35
Commodities,"Gold Falls as Traders Weigh Fedâ€™s Next Move - The Wall Street Journal. <a href=""https://news.google.com/rss/articles/CBMipgNBVV95cUxOWkJCeHdJc2xIdHNOQVpFQ3NkWFlmMDRrRl9TZ21aY0JSSExQdHJndmgyRXVXTDZDaEV",âšª Neutral,Neutral,1.0,neutral,0.966,0.0,2025-11-21,GoogleRSS,2025-11-21 04:39:35
Commodities,"Gold prices fall as strong US jobs data dims chance of December rate cut - Nation Thailand. <a href=""https://news.google.com/rss/articles/CBMiZ0FVX3lxTE82U3JEdFJnc216WmFYSHFqTzB5S1BJbGF6OWVsM2VtUG1oak",ðŸŸ¢ Buy,Positive,0.883,neutral,0.863,1.062,2025-11-21,GoogleRSS,2025-11-21 04:39:35
Commodities,"Gold Steadies After US Jobs Data Damp Prospects for Rate Cut - Bloomberg.com. <a href=""https://news.google.com/rss/articles/CBMisAFBVV95cUxQSzVka1lkSG5mWmxBTGUydkVVNlpsc1dHMFQ1VmJhMVZuOV9zMTlxU0xPeUFD",âšª Neutral,Neutral,1.0,neutral,0.959,0.0,2025-11-21,GoogleRSS,2025-11-21 04:39:35
Commodities,"Gold subdued as strong US jobs data dents rate-cut hopes - Reuters. <a href=""https://news.google.com/rss/articles/CBMiowFBVV95cUxQbnVsZHJmaEwzMnI2LU9BTWR4R0ZzYmJONkg1MFRITDBjMXRaMGxaekl6VlBGMjNhSXpaWk",ðŸŸ¢ Buy,Positive,0.996,neutral,0.914,1.099,2025-11-21,GoogleRSS,2025-11-21 04:39:35
Commodities,"Copper Prices Slide As Dollar Strength And Fed Worries Mount - Finimize. <a href=""https://news.google.com/rss/articles/CBMikwFBVV95cUxPbmlaQ2FlR2xQek9kelNLOVdpc0FodjVUTEx6TXY4WG9BdWNNTEhQdFo4UXVzbks5a",âšª Neutral,Neutral,0.991,neutral,0.957,0.0,2025-11-21,GoogleRSS,2025-11-21 04:39:35
Commodities,"The Silver & Black Show - Week 12 vs. Browns - Eric Stokes, Andrew Siciliano and Robert Turbin - Raiders.com. <a href=""https://news.google.com/rss/articles/CBMirgFBVV95cUxNVmdXejBKSkNrd3RJU0JEeFh0UmVW",âšª Neutral,Neutral,1.0,neutral,0.961,0.0,2025-11-21,GoogleRSS,2025-11-21 04:39:35
Commodities,"Trump aims to open California coast to oil drilling; Senator Padilla and Governor Newsom denounce plan - East County Magazine. <a href=""https://news.google.com/rss/articles/CBMiygFBVV95cUxQdi10SG54R19",âšª Neutral,Neutral,1.0,neutral,0.959,0.0,2025-11-21,GoogleRSS,2025-11-21 04:39:35
Commodities,"RFK Jr. tells governors he will return to 'gold-standard science' in vaccine policy - Santa Fe New Mexican. <a href=""https://news.google.com/rss/articles/CBMijAJBVV95cUxQMFNXWWVTRVhmMFlxUlhHVUNIV082Yj",âšª Neutral,Neutral,1.0,neutral,0.967,0.0,2025-11-21,GoogleRSS,2025-11-21 04:39:35
Commodities,"Gold Across Borders: Where SSR Mining Stands in Todayâ€™s Commodity Cycle - The Motley Fool. <a href=""https://news.google.com/rss/articles/CBMivAFBVV95cUxOZ0FYYkd4TXNwdHlCUkZJN0wzUmRncnBCV2dzQlc3cl9yLWl",âšª Neutral,Neutral,1.0,neutral,0.961,0.0,2025-11-21,GoogleRSS,2025-11-21 04:39:35
Commodities,"Oil Slips on Easing Geopolitical Tensions - The Wall Street Journal. <a href=""https://news.google.com/rss/articles/CBMipANBVV95cUxOWlhQZGJwSkYxR3BZYW5aWEY1MnRTd1ZsRThhYVJkMjZ6ZURtazMtSUJxNzF1V24tMVVOW",âšª Neutral,Neutral,0.995,neutral,0.965,0.0,2025-11-21,GoogleRSS,2025-11-21 04:39:35
Commodities,"Stock futures edge higher after market drops on renewed AI fears: Live updates - CNBC. <a href=""https://news.google.com/rss/articles/CBMid0FVX3lxTFAtQVRUX2p0aUZoU1phNE1sMmhNRm5zcDV2MG8zOW5jdXg4cTFEZ0J",ðŸŸ¢ Buy,Positive,0.982,neutral,0.949,1.194,2025-11-21,GoogleRSS,2025-11-21 04:39:35
Commodities,"Sudan has vast oil, gold and agricultural resources. Who controls them? - Al Jazeera. <a href=""https://news.google.com/rss/articles/CBMirwFBVV95cUxQN215N2hONWMwcmRDT2xiR2s5cW1TSGljZDhEVHFpOFdGS1dQaUh1",âšª Neutral,Neutral,1.0,neutral,0.824,0.0,2025-11-20,GoogleRSS,2025-11-21 04:39:35
Commodities,"Florida lawmakers on record opposing renewed offshore oil drilling in Gulf - ABC7 WWSB. <a href=""https://news.google.com/rss/articles/CBMiqwFBVV95cUxQdk9CUHJDT09MQlB1SzR3X2lzWnd6dk56dVJDQkJDZVBJcmluTE",âšª Neutral,Neutral,1.0,neutral,0.938,0.0,2025-11-20,GoogleRSS,2025-11-21 04:39:35
Commodities,"Mets' Steve Cohen Sells 18-Karat Gold Toilet at Auction for $12.1 Million - Bleacher Report. <a href=""https://news.google.com/rss/articles/CBMirAFBVV95cUxPU08zUy1nMTl0U19JRzBjYnNrSTNWLVoyNl84b2dFV2g0V",âšª Neutral,Neutral,1.0,neutral,0.951,0.0,2025-11-20,GoogleRSS,2025-11-21 04:39:35
Commodities,"Gold prices holding steady as U.S. economy created 119K jobs in September - KITCO. <a href=""https://news.google.com/rss/articles/CBMisAFBVV95cUxNUkJCMzc5MGFrRmZLMlczVVFGVGx6OFp3Tnd6QWhhWjg0ZS1EX3FyX2F",ðŸŸ¢ Buy,Positive,0.912,neutral,0.931,0.973,2025-11-20,GoogleRSS,2025-11-21 04:39:35
Commodities,"Trump plans huge oil drilling expansion off California and Alaska coasts - CNBC. <a href=""https://news.google.com/rss/articles/CBMimAFBVV95cUxPbzllc182cnFVd0YyZDlBaWZadGpveHlBZk5mSG5kLTFNUXowc2s5eVoxV",âšª Neutral,Neutral,1.0,neutral,0.966,0.0,2025-11-20,GoogleRSS,2025-11-21 04:39:35
Commodities,"Gold falls as strong U.S. jobs data dims prospects for December rate cut - CNBC. <a href=""https://news.google.com/rss/articles/CBMinwFBVV95cUxQWURFYWZpWlRvdXBQRGpMOS1MN214MnZHWUp2bVJMV2pvU3VuOVVNaFN6U",ðŸŸ¢ Buy,Positive,0.998,neutral,0.826,1.099,2025-11-20,GoogleRSS,2025-11-21 04:39:35
Commodities,"Trump administration releases its expanded oil and gas drilling plan - USA Today. <a href=""https://news.google.com/rss/articles/CBMimwFBVV95cUxOYXBJRFZfbV9HTWxOT0lveVl0OWU2RGNmRTVmWkJrdUxTYlFRSW1JeVV2",âšª Neutral,Neutral,1.0,neutral,0.961,0.0,2025-11-20,GoogleRSS,2025-11-21 04:39:35
Commodities,"Trump administration plans to open Pacific Coast to oil drilling for first time in more than 4 decades - Los Angeles Times. <a href=""https://news.google.com/rss/articles/CBMitAFBVV95cUxQeFZNbU9UYV9ucD",âšª Neutral,Neutral,1.0,neutral,0.946,0.0,2025-11-20,GoogleRSS,2025-11-21 04:39:35
Commodities,"Oil Gives Up Gains On U.S. Peace Efforts for Russia-Ukraine - The Wall Street Journal. <a href=""https://news.google.com/rss/articles/CBMinwNBVV95cUxQWjY4akh1Yi1rOVBhOFZEN1d1dEZfbURBd240V0ZiRl9kOXZYY3B",ðŸŸ¢ Buy,Positive,1.0,neutral,0.957,1.1,2025-11-20,GoogleRSS,2025-11-21 04:39:35
Commodities,"Sanctions have choked Russia's oil industry, a key source of Kremlin funds, U.S. Treasury finds - CBS News. <a href=""https://news.google.com/rss/articles/CBMinAFBVV95cUxPWGpqb2pMLWJPQ1p5Q2xoWnNMTjdGWX",âšª Neutral,Neutral,1.0,neutral,0.89,0.0,2025-11-20,GoogleRSS,2025-11-21 04:39:35
Commodities,"Dow Jones Futures Rise As Nvidia Earnings Rev Rally; Walmart Tops, Jobs Report Due - Investor's Business Daily. <a href=""https://news.google.com/rss/articles/CBMivwFBVV95cUxNN01faVJZTGplT2x4SHMtVmFFYj",ðŸŸ¢ Buy,Positive,0.657,neutral,0.961,1.076,2025-11-20,GoogleRSS,2025-11-21 04:39:35
Commodities,"Cracker Barrel shareholders ax DEI specialist over logo flap, spare CEO - New York Post. <a href=""https://news.google.com/rss/articles/CBMirgFBVV95cUxPbnUyNjlqQ2VTaTNyNlFuT3luUnhLSV9HZGQ0NGczX0ZnSE81d",âšª Neutral,Neutral,1.0,neutral,0.953,0.0,2025-11-20,GoogleRSS,2025-11-21 04:39:35
Commodities,"California Leaders Blast Trumpâ€™s â€˜Idioticâ€™ Plan to Kickstart Offshore Oil Drilling - KQED. <a href=""https://news.google.com/rss/articles/CBMitwFBVV95cUxPTGpNYVpWcWNJYXB2Q0ZBcXVVMzJXWV96aEJQTmZDbzV1QzN",âšª Neutral,Neutral,1.0,neutral,0.961,0.0,2025-11-20,GoogleRSS,2025-11-21 04:39:35
Commodities,"US sanctions on big Russian oil firms are having their intended effect, Treasury official says - AP News. <a href=""https://news.google.com/rss/articles/CBMipwFBVV95cUxPV0ctcVU3aWhma3RNR0htSS02RWtkVmh5",âšª Neutral,Neutral,1.0,neutral,0.936,0.0,2025-11-20,GoogleRSS,2025-11-21 04:39:35
Commodities,"Cracker Barrel shareholders vote to keep CEO despite logo debacle - AP News. <a href=""https://news.google.com/rss/articles/CBMinAFBVV95cUxPd0h6djc1bzlIXzBKUVYwaUZ3aUtNcTJSR0pYQU43ZWthcDdEMDZSSjFhbG1NV",âšª Neutral,Neutral,1.0,neutral,0.94,0.0,2025-11-20,GoogleRSS,2025-11-21 04:39:35
Commodities,"That Ainâ€™t It: Dayton 77, Marquette 71 (OT). The Golden Eagles didnâ€™t look like a team that learned anything from their loss to Maryland, and so the Flyers prevailed.",ðŸŸ  Sell,Negative,0.954,neutral,0.74,-1.085,2025-11-20,NewsAPI,2025-11-21 04:39:35
Commodities,"Gold Card Updateâ€”Key Milestone Reached for Trump Adminâ€™s New Visa Program - Newsweek. <a href=""https://news.google.com/rss/articles/CBMiqgFBVV95cUxOcmZrQUxYd3Q4N01qZXNnb1p2X0FGTjRnNlhOZlBOWVJ6Tnd2bi04",âšª Neutral,Neutral,0.999,neutral,0.954,0.0,2025-11-20,GoogleRSS,2025-11-21 04:39:35
Commodities,"US Stock Market Today: S&P 500 Futures Surge on Cooling Jobs Growth Signals - Yahoo Finance. <a href=""https://news.google.com/rss/articles/CBMieEFVX3lxTFBjQzQ1U180Nk5maFdWbzNBdmM1UWFpVDBzcmFoRy12T3VkZ",âšª Neutral,Neutral,0.998,neutral,0.963,0.0,2025-11-20,GoogleRSS,2025-11-21 04:39:35
Commodities,"Tucson Police make arrest in copper wire theft investigation - KOLD. <a href=""https://news.google.com/rss/articles/CBMilAFBVV95cUxNUnNiQV9DMXRFYk9HLTk0ZHFHQ2x4c0Z1clFTSzFiS1JrV3hXaUdwbW1DMmRQX2dPNjc1N",âšª Neutral,Neutral,1.0,neutral,0.947,0.0,2025-11-20,GoogleRSS,2025-11-21 04:39:35
Commodities,"Gold, silver modestly down after stronger U.S. jobs report - KITCO. <a href=""https://news.google.com/rss/articles/CBMiowFBVV95cUxPaFVZc1pFbnQ0c05INWNRQlRHWk5pV2hIOW5UcXA4NUpxOFZydVFFODMtZGhzU1FaWXpNX3",ðŸŸ  Sell,Negative,0.567,neutral,0.936,-1.044,2025-11-20,GoogleRSS,2025-11-21 04:39:35
Commodities,"Obsessed with gold: A $12M toilet and Trump's Oval Office - dw.com. <a href=""https://news.google.com/rss/articles/CBMikAFBVV95cUxQdGpNSXF4c3BmejBPTVdxcndtYWRyWU5SU0plc01DNFBhWFRMdnVjNmxwLXVseHNFUkgwN2",âšª Neutral,Neutral,1.0,neutral,0.926,0.0,2025-11-20,GoogleRSS,2025-11-21 04:39:35
Commodities,"US Sanctions on Russian Oil Set to Kick In, With 48 Million Barrels of Crude at Sea - Bloomberg.com. <a href=""https://news.google.com/rss/articles/CBMitgFBVV95cUxNaXRlWUlNN2dhRWcwTVlhekhGVlhKbWlxY1diZ",âšª Neutral,Neutral,0.998,neutral,0.959,0.0,2025-11-20,GoogleRSS,2025-11-21 04:39:35
Commodities,"Alaska onshore North Slope oil auction sets new mark for tract leases sold - Alaska Beacon. <a href=""https://news.google.com/rss/articles/CBMisAFBVV95cUxQN1RvU2hTYTlJRkVmZFpYT2hLMmluc1EyWkptNFJLNjdNSV",âšª Neutral,Neutral,1.0,neutral,0.956,0.0,2025-11-20,GoogleRSS,2025-11-21 04:39:35
Commodities,"Russia Starts Selling Off Its Gold Reserves to Fund the War Budget, Breaking a Long-Held Taboo - UNITED24 Media. <a href=""https://news.google.com/rss/articles/CBMi0wFBVV95cUxQX0tXT3lQeUIwa3V4Q3k1aGtxN",âšª Neutral,Neutral,1.0,neutral,0.961,0.0,2025-11-20,GoogleRSS,2025-11-21 04:39:35
Commodities,"Tetherâ€™s Gold Hoard Surges to 116 Tons, Rivals Small Central Banks - CoinDesk. <a href=""https://news.google.com/rss/articles/CBMirgFBVV95cUxQdXVNeWpBV2Y1SUpzUjRJZkdMWWVQZGliRmJ6aWg2V1NmVzF4TEMtYzZIYUV",âšª Neutral,Neutral,0.993,neutral,0.961,0.0,2025-11-20,GoogleRSS,2025-11-21 04:39:35
Commodities,"Trump announces new offshore drilling projects despite bipartisan pushback - Al Jazeera. <a href=""https://news.google.com/rss/articles/CBMiuwFBVV95cUxOV01HYTdLMmYwVzdERTVGVnVjckxVeUhqalRiZ2pVdm13UV96Z",âšª Neutral,Neutral,0.992,neutral,0.963,0.0,2025-11-20,GoogleRSS,2025-11-21 04:39:35
Commodities,"Festival of Lights returns to Lafayetteâ€™s Oil Center - KATC. <a href=""https://news.google.com/rss/articles/CBMikwFBVV95cUxOQVNHNWx1WDNVY2hKZGxOVnV4a3Rlb0hGOUNQQUdOS19iVV9ralRNMGd5d2tFNFczVllNNjczeVF3S",âšª Neutral,Neutral,1.0,neutral,0.953,0.0,2025-11-20,GoogleRSS,2025-11-21 04:39:35
Commodities,"A cold gold rush? The race for the Arctic's critical minerals is heating up - CNBC. <a href=""https://news.google.com/rss/articles/CBMiqAFBVV95cUxQbno1VVNBUXJ3R2V0dHZicmF4Nks3RS1zdDNBODdjU1RwSGJwX2ZFX2",âšª Neutral,Neutral,1.0,neutral,0.789,0.0,2025-11-20,GoogleRSS,2025-11-21 04:39:35
Commodities,"Venezuela approves 15-year extension of Russia-linked oil joint ventures - Reuters. <a href=""https://news.google.com/rss/articles/CBMivgFBVV95cUxNMG4wUndXbHBmRHpLN2RDdURaNmV5dk1DdnhQcDhnX1FHM25YUW9uTV",âšª Neutral,Neutral,1.0,neutral,0.956,0.0,2025-11-20,GoogleRSS,2025-11-21 04:39:35
Commodities,"U.S. Natural Gas Futures Retreat on Weather Data - The Wall Street Journal. <a href=""https://news.google.com/rss/articles/CBMiqgNBVV95cUxORnhYamdiZFRISWhiU2pkY3hReDIwSmxjUW56dFJhcDVjd1FaZmwzUmM5WW5fY0",âšª Neutral,Neutral,1.0,neutral,0.965,0.0,2025-11-20,GoogleRSS,2025-11-21 04:39:35
Commodities,"India's Reliance Industries Officially Shuts the Door on Russian Crude - Crude Oil Prices Today | OilPrice.com. <a href=""https://news.google.com/rss/articles/CBMizwFBVV95cUxNcEQybnlabzlTV2ZIWTVNNnFkbH",âšª Neutral,Neutral,1.0,neutral,0.963,0.0,2025-11-20,GoogleRSS,2025-11-21 04:39:35
Commodities,"Emergency declared as Northwestâ€™s main oil pipeline shuts down again - Oregon Public Broadcasting - OPB. <a href=""https://news.google.com/rss/articles/CBMiqwFBVV95cUxObldmQzhxcGVRdjlqdDQ0cG9pRDdzdDFuZ",âšª Neutral,Neutral,1.0,neutral,0.956,0.0,2025-11-20,GoogleRSS,2025-11-21 04:39:35
Commodities,"Trump administration proposes pushing offshore oil drilling closer to Florida shores - Tampa Bay Times. <a href=""https://news.google.com/rss/articles/CBMihgFBVV95cUxOU2RUaURJRVZBTWZUWFlxd2dhTTNiNWozZX",âšª Neutral,Neutral,1.0,neutral,0.959,0.0,2025-11-20,GoogleRSS,2025-11-21 04:39:35
Commodities,"Gold Slips as Traders Doubt Further Fed Easing After Jobs Data - Yahoo Finance. <a href=""https://news.google.com/rss/articles/CBMihwFBVV95cUxNNjl2bzRpZy14Rm9Yb2t1Q3h6bjVCVU9TMEwzM055eXVvbVBkZnI0YUZnSG",âšª Neutral,Neutral,0.999,neutral,0.961,0.0,2025-11-20,GoogleRSS,2025-11-21 04:39:35
Commodities,"On shovels, Nvidia, and the AI Gold Rush - Marcus on AI. <a href=""https://news.google.com/rss/articles/CBMif0FVX3lxTFBZMUlFM2FyMjRBUU5ncmpqZnBjMGlxRFBqc0M0WGxPcEZGWUlNOVFLMld0cGZLanYzbGJaeWp3bkZTZlhNa",âšª Neutral,Neutral,1.0,neutral,0.965,0.0,2025-11-20,GoogleRSS,2025-11-21 04:39:35
Commodities,"Drake Maye responds to Cam Newton's 'fool's gold' comments: 'I don't even know what show he's on' - NFL.com. <a href=""https://news.google.com/rss/articles/CBMiogFBVV95cUxPcGVqRko3QXduQ3pkSGVaS3RLdWN0M",âšª Neutral,Neutral,1.0,neutral,0.84,0.0,2025-11-20,GoogleRSS,2025-11-21 04:39:35
Commodities,"Kwan's defensive prowess validated after latest Gold Glove - MLB.com. <a href=""https://news.google.com/rss/articles/CBMijgFBVV95cUxNRzQ4QmxjVG5BUjRaeXVNVGNNXzZJWkl4Q1NWdmlHQ1VtcVFLbU94UHJ6YU5iazJvdnRV",âšª Neutral,Neutral,1.0,neutral,0.946,0.0,2025-11-20,GoogleRSS,2025-11-21 04:39:35
Commodities,"Man found dead by police after officers respond to Silver Spring shooting - FOX 5 DC. <a href=""https://news.google.com/rss/articles/CBMimwFBVV95cUxPZDdDYy02OW5tZWlhTGNmcjRaUUJzQ3V3R01SdU9DRDlwU1IwTTBC",âšª Neutral,Neutral,1.0,neutral,0.951,0.0,2025-11-20,GoogleRSS,2025-11-21 04:39:35
Commodities,"As Sanctions on Russian Oil Loom, India Prepares to End Its Buying Spree - The New York Times. <a href=""https://news.google.com/rss/articles/CBMigAFBVV95cUxQbXNHeHBTSmQwYkF1dFFHQ2QxVHZfdlZwTWFGb0gzTHp",âšª Neutral,Neutral,1.0,neutral,0.959,0.0,2025-11-20,GoogleRSS,2025-11-21 04:39:35
Commodities,"Alyeska Pipeline faces $244,000 penalty for violations related to small oil leak - Anchorage Daily News. <a href=""https://news.google.com/rss/articles/CBMi2AFBVV95cUxPREtkTjJSdG9YODdRSEZqSk9DaUhCUjk0d",ðŸŸ  Sell,Negative,0.672,neutral,0.885,-0.902,2025-11-20,GoogleRSS,2025-11-21 04:39:35
Commodities,"Russiaâ€™s Central Bank Starts Selling Physical Gold From Reserves - The Moscow Times. <a href=""https://news.google.com/rss/articles/CBMisgFBVV95cUxPOVNYbzJRcW1VV1pVMC1idE4wVmVTb2F6ZW9QYm42NjZ3MklwZVljN",âšª Neutral,Neutral,1.0,neutral,0.947,0.0,2025-11-20,GoogleRSS,2025-11-21 04:39:35
Commodities,"DC deli owner badly beaten, robbed in his Silver Spring home - WJLA. <a href=""https://news.google.com/rss/articles/CBMimwJBVV95cUxOejVnTC16RnoteWo5MDZTcmpFaE1iZWVsc01uSFZzV0hRSjR1RHIxQ2lPSjNfQ2EzUi1wa",âšª Neutral,Neutral,1.0,neutral,0.915,0.0,2025-11-20,GoogleRSS,2025-11-21 04:39:35
Commodities,"How Tariffs Are Impacting The U.S. Oil And Gas Industry - Forbes. <a href=""https://news.google.com/rss/articles/CBMipAFBVV95cUxNTG9HU3VWMy1kbGUyQUVGZDdNejh1Ty1ucTFlWTBnOXhWY3JFeXI5MVJaQmlBdng5VU1RZUw1",âšª Neutral,Neutral,1.0,neutral,0.889,0.0,2025-11-20,GoogleRSS,2025-11-21 04:39:35
Commodities,"Nifty Prediction Today â€“ November 20, 2025: Nifty 50 Futures: Bullish; go long now and on dips. Nifty 50 November Futures contract can rise to 26,220 initially and then to 26,350 eventually",ðŸŸ¢ Buy,Positive,0.996,neutral,0.921,1.199,2025-11-20,NewsAPI,2025-11-21 04:39:35
Commodities,"Australia has dropped its bid to host the COP31 climate talks. Hereâ€™s what happened â€“ and whatâ€™s next. After a three-year push to host the 2026 climate talks with the Pacific, Australia has backed dow",ðŸŸ  Sell,Negative,1.0,disappointment,0.809,-1.2,2025-11-20,NewsAPI,2025-11-21 04:39:35
Commodities,"Section 1 girls soccer announces All-Section awards, Elite 12 as picked by coaches. After a superb girls soccer season that included two state championships, Section 1 recognized a bevy of standouts i",âšª Neutral,Neutral,0.516,neutral,0.482,0.0,2025-11-20,NewsAPI,2025-11-21 04:39:35
Commodities,"Winnipeg Jets sign captain Adam Lowry to 5-year, $25M contact extension. The Winnipeg Jets announced they have signed captain Adam Lowry to a contract extension to keep him in a Jets uniform for the n",âšª Neutral,Neutral,0.976,neutral,0.865,0.0,2025-11-20,NewsAPI,2025-11-21 04:39:35
Commodities,"Chinese Copper Demand Sags in Busy Season After Prices Surge. As the busy period for Chinese manufacturing draws to a close, copper consumption has largely disappointed, with run rates at fabricators ",ðŸŸ  Sell,Negative,1.0,disappointment,0.807,-1.1,2025-11-20,NewsAPI,2025-11-21 04:39:35
Commodities,"Oil Prices Edge Higher as Traders Brace for Russian Sanctions Deadline. Oil prices moved higher in early Asian trade on Thursday, with benchmarks partially recovering from a nearly 2% drop in the prev",ðŸŸ  Sell,Negative,1.0,neutral,0.816,-1.2,2025-11-20,NewsAPI,2025-11-21 04:39:35
Commodities,Chinese Copper Demand Sags in Busy Season After Prices Surge.,ðŸŸ  Sell,Negative,1.0,disappointment,0.684,-1.1,2025-11-20,NewsAPI,2025-11-21 04:39:35
Commodities,"Netflix And Wednesday Creators Adapting Acclaimed Comic Series. Image courtesy of Netflix.
Netflix has recently struck gold in the world of animation, and the streamer looks to continue that winning s",âšª Neutral,Neutral,0.877,neutral,0.785,0.0,2025-11-20,NewsAPI,2025-11-21 04:39:35
Commodities,Bitget Shatters New Milestone with $5B in Stock Futures Cumulative Trading Volume. Bitget surpasses $5B in stock futures volume as demand for tokenized equity trading accelerates globally.......,ðŸŸ¢ Buy,Positive,1.0,neutral,0.718,1.2,2025-11-20,NewsAPI,2025-11-21 04:39:35
Commodities,"India seeks tankers for West Asia oil after Russia sanctions. Roughly a dozen vessels have been chartered so far this week to ship crude from countries including Saudi Arabia, Kuwait, Iraq and the Uni",âšª Neutral,Neutral,1.0,neutral,0.949,0.0,2025-11-20,NewsAPI,2025-11-21 04:39:35
Commodities,"Oil edges up as US peace push may add to oversupply, though stockpile pull lends support. Oil prices edged higher on Thursday after yesterday's minor dip. The market is navigating through uncertainty ",ðŸŸ  Sell,Negative,0.99,neutral,0.52,-1.196,2025-11-20,NewsAPI,2025-11-21 04:39:35
Commodities,Shale Oilâ€™s Next Revolution Should Worry OPEC.,ðŸŸ¢ Buy,Positive,0.995,nervousness,0.305,1.098,2025-11-20,NewsAPI,2025-11-21 04:39:35
Commodities,"Bitget Shatters New Milestone with $5B in Stock Futures Cumulative Trading Volume. VICTORIA, Seychelles, Nov. 19, 2025 (GLOBE NEWSWIRE) â€” Bitget, the worldâ€™s largest Universal Exchange (UEX), today an",ðŸŸ¢ Buy,Positive,1.0,neutral,0.386,1.2,2025-11-20,NewsAPI,2025-11-21 04:39:35
Commodities,"Gold edges lower as dollar gains, traders pare down US rate cut bets. Gold prices dip as a stronger dollar and reduced US rate cut expectations weigh down the market ahead of jobs report.",ðŸŸ  Sell,Negative,1.0,neutral,0.797,-1.2,2025-11-20,NewsAPI,2025-11-21 04:39:35
Commodities,"Braves re-sign closer Raisel Iglesias, aquire Gold Glover Mauricio DubÃ³n in trade with Astros. The Atlanta Braves upgraded their defense and stabilized the back of their bullpen with a pair of transac",âšª Neutral,Neutral,0.971,neutral,0.921,0.0,2025-11-20,NewsAPI,2025-11-21 04:39:35
Commodities,"Braves re-sign closer Raisel Iglesias, acquire Gold Glover Mauricio DubÃ³n in trade with Astros. The Atlanta Braves upgraded their defense and stabilized the back of their bullpen with a pair of transa",âšª Neutral,Neutral,0.984,neutral,0.919,0.0,2025-11-20,NewsAPI,2025-11-21 04:39:35
Commodities,"White House announces new oil and gas drilling off California and Florida - The Guardian. <a href=""https://news.google.com/rss/articles/CBMioAFBVV95cUxPR3NHd0Nsc1lwRkUyTlZJeW1jUWZzNkRvNUJKclBiMVN4dFFW",âšª Neutral,Neutral,1.0,neutral,0.953,0.0,2025-11-20,GoogleRSS,2025-11-21 04:39:35
Commodities,Stock futures higher as Nvidia's strong forecast reignites the AI trade: Live updates - CNBC. Stock futures higher as Nvidia's strong forecast reignites the AI trade: Live updatesCNBC Bloomberg Daybre,ðŸŸ¢ Buy,Positive,1.0,neutral,0.919,1.2,2025-11-20,NewsAPI,2025-11-21 04:39:35
Commodities,"Oil rebounds as deadline on US sanctions waiver looms. Oil prices edged higher Thursday, recovering from previous losses as markets weighed U.S. proposals for ending the Ukraine war.  The U.S. has sig",ðŸŸ¢ Buy,Positive,0.991,neutral,0.803,1.197,2025-11-20,NewsAPI,2025-11-21 04:39:35
Commodities,"Oil slides as US pushes for Russia-Ukraine peace deal - Reuters. <a href=""https://news.google.com/rss/articles/CBMioAFBVV95cUxNaFF6U2FnOWppcEFIVjhYRGJYRFdmRTNwbGhjXzdKczVxRk9fZ0FUNnZvRVh4OGk4OUItYnpzR",âšª Neutral,Neutral,1.0,neutral,0.953,0.0,2025-11-20,GoogleRSS,2025-11-21 04:39:35
Commodities,"Trump administration proposes opening waters off California and Florida to oil drilling - Politico. <a href=""https://news.google.com/rss/articles/CBMipAFBVV95cUxOMHRMalBBeUs1UldhbmF5eEVLRXAxNUZUcUYyYX",âšª Neutral,Neutral,1.0,neutral,0.955,0.0,2025-11-20,GoogleRSS,2025-11-21 04:39:35
Commodities,"Crews race to contain oil spill in Ventura County creek - Los Angeles Times. <a href=""https://news.google.com/rss/articles/CBMirAFBVV95cUxNS3lGUm5JRGxxR05rNm92WlVzX3JYYnVOWWw2RHhmeHRjQUNuM082cXNVZTliN",âšª Neutral,Neutral,1.0,neutral,0.952,0.0,2025-11-20,GoogleRSS,2025-11-21 04:39:35
Commodities,"Stock market today: Dow, S&P 500, Nasdaq futures tip lower with Wall Street set to end roller coaster week - Yahoo Finance. <a href=""https://news.google.com/rss/articles/CBMi6AFBVV95cUxPUUJHSWdyT1dSaj",âšª Neutral,Neutral,1.0,neutral,0.957,0.0,2025-11-20,GoogleRSS,2025-11-21 04:39:35
Commodities,"Trump opens parts of Florida, California waters up to offshore oil drilling, breaking decades of precedent - CNN. <a href=""https://news.google.com/rss/articles/CBMijgFBVV95cUxONVpSemcwd2hZeEVqVk5TU1JW",âšª Neutral,Neutral,1.0,neutral,0.943,0.0,2025-11-20,GoogleRSS,2025-11-21 04:39:35
Commodities,"Huge swath of Florida's Eastern Gulf part of Trump's new oil drilling plan - Pensacola News Journal. <a href=""https://news.google.com/rss/articles/CBMiwAFBVV95cUxOMUpNUEJQZ0NDWlEyamt2OHR0OExybG1YV0xNQ",âšª Neutral,Neutral,1.0,neutral,0.951,0.0,2025-11-20,GoogleRSS,2025-11-21 04:39:35
Commodities,"Trump administration announces plan for new oil drilling off the coasts of California and Florida - CBS News. <a href=""https://news.google.com/rss/articles/CBMilgFBVV95cUxObC1McDJfRkpxbGpvWWVqR01iU1Qy",âšª Neutral,Neutral,1.0,neutral,0.961,0.0,2025-11-20,GoogleRSS,2025-11-21 04:39:35
Commodities,"Oil rigs off Florida? Trump says yes, DeSantis says no - Tallahassee Democrat. <a href=""https://news.google.com/rss/articles/CBMi0AFBVV95cUxPNmpOejlBR1RXS0c3cmJRaVk0Vm9nTm1fUVBhdUNJYUJRMWtXM0NNYzYtRkl",âšª Neutral,Neutral,1.0,neutral,0.862,0.0,2025-11-20,GoogleRSS,2025-11-21 04:39:35
Commodities,"DEI consultant resigns from Cracker Barrel board after heated proxy fight - Fox Business. <a href=""https://news.google.com/rss/articles/CBMinwFBVV95cUxQRnlFcUJGenZ3NEgtWkdyUDlvZHIzVUFkM3J5WnB4Tkl4NXM4",âšª Neutral,Neutral,1.0,neutral,0.959,0.0,2025-11-20,GoogleRSS,2025-11-21 04:39:35
Commodities,"Is that a Gold Glove on the roof? Yeah, and it's 30 feet tall - MLB.com. <a href=""https://news.google.com/rss/articles/CBMikgFBVV95cUxPQWRlcFVGWUVxOEJhUWZEazJGbjhtUlVtRUwxVmRrcnU2X05UaE1xdDVqWHV0eFJ0N",âšª Neutral,Neutral,1.0,neutral,0.612,0.0,2025-11-20,GoogleRSS,2025-11-21 04:39:35
Commodities,"Gold falls as strong US jobs data dims prospects for December rate cut - Reuters. <a href=""https://news.google.com/rss/articles/CBMiqgFBVV95cUxNbVJhbVJld2lvTzBnSzU3YWt1bkwwUy1QdmJ4LW5JOFhnajdGOUVLRVY3",ðŸŸ¢ Buy,Positive,0.999,neutral,0.839,1.1,2025-11-20,GoogleRSS,2025-11-21 04:39:35
Commodities,"Ancient gold coins stolen from museum after suspects overpower guard, Swiss police say - CBS News. <a href=""https://news.google.com/rss/articles/CBMihgFBVV95cUxQaG9kV1RkakN5NGNWMGs3OFVyOEN3ZERhTW5QejV",âšª Neutral,Neutral,0.995,neutral,0.918,0.0,2025-11-20,GoogleRSS,2025-11-21 04:39:35
Commodities,"Gold price dips as US Fed interest rate cut expectations fall - Yahoo Finance UK. <a href=""https://news.google.com/rss/articles/CBMiqwFBVV95cUxQVnl4T3N1aGZxckdhM2JEY2lQSENtMmo4RVlHSzh0RGNhUVBxbS1MQTE5",âšª Neutral,Neutral,0.86,neutral,0.911,0.0,2025-11-20,GoogleRSS,2025-11-21 04:39:35
Commodities,"India's Reliance stops importing Russian crude for refinery operations - Reuters. <a href=""https://news.google.com/rss/articles/CBMiuAFBVV95cUxQUTNhNnJKdS1GY29xMDhCeUNVN2ZvR1huWDdoNmJwSFB1VmNkSGNZTWsy",âšª Neutral,Neutral,1.0,neutral,0.949,0.0,2025-11-20,GoogleRSS,2025-11-21 04:39:35
Commodities,"Trump inflames California over oil drilling plan for Pacific coast - Reuters. <a href=""https://news.google.com/rss/articles/CBMivAFBVV95cUxQRmwwSTFTckpPRDZ0bEFIYzRwcXlFd3YyZF8zNEplM3ZnWFhFYjREa1V5M0x6",âšª Neutral,Neutral,1.0,neutral,0.964,0.0,2025-11-20,GoogleRSS,2025-11-21 04:39:35
Commodities,Oil rebounds as deadline on US sanctions waiver looms.,ðŸŸ¢ Buy,Positive,1.0,neutral,0.914,1.1,2025-11-20,NewsAPI,2025-11-21 04:39:35
Commodities,"Gold price today, Thursday, November 20: Gold holds as rate-cut hopes dwindle - Yahoo Finance. <a href=""https://news.google.com/rss/articles/CBMi5AFBVV95cUxQRHJmNTdqTlpVMU1lYmFxQ2hpdHR2UTJGc3FkdlFZdC1",âšª Neutral,Neutral,1.0,neutral,0.939,0.0,2025-11-20,GoogleRSS,2025-11-21 04:39:35
Commodities,"Delicious tzatziki yogurt dip with Swiss chard, mint, olive oil, lemon, and garlic. Great with pita chips! #appetizer #easyappetizer #partyappetizer #partysnacks #appetizerideas. Delicious tzatziki yo",âšª Neutral,Neutral,1.0,admiration,0.634,0.0,2025-11-20,NewsAPI,2025-11-21 04:39:35
Commodities,"Gold gains with traders awaiting US data for fresh Fed cues. Gold prices saw a slight uptick as investors awaited the crucial U.S. jobs report, which could influence the Federal Reserve's interest rat",ðŸŸ  Sell,Negative,1.0,neutral,0.829,-1.1,2025-11-20,NewsAPI,2025-11-21 04:39:35
Commodities,"Bitcoin, Ethereum, XRP, Dogecoin Fall Even As Stocks Spike After Q3 Nvidia Earnings: Analyst Suggests BTC Whales Are Pivoting From Dumping To Buying. Leading cryptocurrencies failed to capitalize on t",ðŸŸ¢ Buy,Positive,1.0,neutral,0.887,1.2,2025-11-20,NewsAPI,2025-11-21 04:39:35
Commodities,"Braves acquire Mauricio DubÃ³n from Astros in exchange for Nick Allen. Shortly after the Atlanta Braves announced that they had brought back Raisel Iglesias on a one-year deal, it turns out that Alex A",âšª Neutral,Neutral,1.0,neutral,0.818,0.0,2025-11-20,NewsAPI,2025-11-21 04:39:35
Commodities,Sampoernas Sell Palm Oil Unit to Posco Internationalâ€™s AGPA.,âšª Neutral,Neutral,1.0,neutral,0.964,0.0,2025-11-20,NewsAPI,2025-11-21 04:39:35
Commodities,"Lane Kiffin peppered with coaching job questions on SEC teleconference call. In case you didnâ€™t know, Ole Miss head coach Lane Kiffin is a hot commodity in college coaching circles at the moment. Repo",âšª Neutral,Neutral,1.0,neutral,0.929,0.0,2025-11-20,NewsAPI,2025-11-21 04:39:35
Commodities,"Gold Price Rises To Rs 1,23,650 Levels - Check Rates In Delhi, Mumbai And Other Cities. Gold prices in India rose to Rs 1,23,650 on Thursday, as traders indulged in value buying after the release of U",ðŸŸ¢ Buy,Positive,0.5,neutral,0.879,0.935,2025-11-20,NewsAPI,2025-11-21 04:39:35
Commodities,"Stocks to buy in 2025 for long term: Oil India, Max Financial among 5 stocks that could give 11-50% return. Brokerages remain broadly optimistic across energy, financial services, healthcare, manufact",ðŸŸ¢ Buy,Positive,1.0,neutral,0.597,1.2,2025-11-20,NewsAPI,2025-11-21 04:39:35
Commodities,Alabama Football: The Gold Standard of NFL Player Development. Alabama churns out NFL talent like no other. The Crimson Tide consistently crafts Pro Bowlers and franchise cornerstones.,âšª Neutral,Neutral,1.0,neutral,0.812,0.0,2025-11-20,NewsAPI,2025-11-21 04:39:35
Commodities,"Solid gold toilet named 'America' sells at auction for $12M - ABC News. <a href=""https://news.google.com/rss/articles/CBMimgFBVV95cUxPcVlUV0Z1dXYtT0o4aDhyMjZKRTNiSjdIQ3VmU1ZCQncxZXE3U0dEWTFWLWRsZ25LNk",âšª Neutral,Neutral,0.998,neutral,0.953,0.0,2025-11-19,GoogleRSS,2025-11-21 04:39:35
Commodities,"EIA forecasts Alaska crude oil production to grow 13% in 2026 - U.S. Energy Information Administration (EIA) (.gov). <a href=""https://news.google.com/rss/articles/CBMiY0FVX3lxTFBYUlRKbWxYSGUwR0lRU05pd",ðŸŸ¢ Buy,Positive,0.98,neutral,0.96,1.093,2025-11-19,GoogleRSS,2025-11-21 04:39:35
Commodities,"Believe It or Not, That $12 Million Gold Toilet Was Bought by â€¦ Ripleyâ€™s - The New York Times. <a href=""https://news.google.com/rss/articles/CBMigwFBVV95cUxOM1hkeFc1dWZFNXlTMnRBTGNXbnJUR1NhN2RLMG5ocVB",âšª Neutral,Neutral,1.0,neutral,0.912,0.0,2025-11-19,GoogleRSS,2025-11-21 04:39:35
Commodities,"Gold trims gains after US Fed minutes - Reuters. <a href=""https://news.google.com/rss/articles/CBMirAFBVV95cUxQLWVTclNPRGJqcHp1SXRodDVfUURSS0RMNlBPNERqejBrVC1zS3ozZTBoMzAyNzdnOTh2cThDRzFsWXMzODRqMWRnU",âšª Neutral,Neutral,0.982,neutral,0.952,0.0,2025-11-19,GoogleRSS,2025-11-21 04:39:35
